{"Body":"@Twitman\nIn a bank from @NBM IRL, it's so nice I had to tweet it ! #ILoveTweeting #SoCool SRY:<Sorry> not SRY:<Sorry>\r\n#FridayMood (cc @bestBro1234)","Date":"12\/11\/2021 14:50:46","Header":"T364368975","Other":"Mentions: @NBM @bestBro1234 \nHashtags: #ILoveTweeting #SoCool #FridayMood \n","Sender":"@Twitman","Text":"In a bank from @NBM IRL, it's so nice I had to tweet it ! #ILoveTweeting #SoCool SRY:<Sorry> not SRY:<Sorry>\r\n#FridayMood (cc @bestBro1234)","Type":"Tweet","Hashtags":["#ILoveTweeting","#SoCool","#FridayMood"],"Mentions":["@NBM","@bestBro1234"]}