{"Body":"random.test@napier.co.uk\nJust a random standard email test\nThere is a sample text.\nWith returns to the next line.\nIt also includes so URLs : <URL Quarantined> \nGreat!","Date":"14\/11\/2021 14:47:41","Header":"E573768191","Other":"Object: Just a random standard email test\n","Sender":"random.test@napier.co.uk","Text":"There is a sample text.\nWith returns to the next line.\nIt also includes so URLs : <URL Quarantined> \nGreat!","Type":"Email","NatureOfIncident":"","Object":"Just a random standard email test","QuarantinedLinks":["http:\/\/ww.google.com\/test"],"SIR":false,"SIRSortCode":""}