{"Body":"bank12@napierbank.co.uk\nSort Code: 12-11-21\nNature of Incident: Terrorism\nA man broke some spaghettis in pieces (I'm Italian, that is terrorism).\n\nAlfredo","Date":"12\/11\/2021 16:23:26","Header":"E359684933","Other":"Object: SIR: 12-11-21 - Terrorism\n","Sender":"bank12@napierbank.co.uk","Text":"A man broke some spaghettis in pieces (I'm Italian, that is terrorism).\n\nAlfredo","Type":"Email","NatureOfIncident":"Terrorism","Object":"SIR: 12-11-21 - Terrorism","QuarantinedLinks":[],"SIR":true,"SIRSortCode":"12-11-21"}