{"Body":"test@banking.napier\nSort Code: 14-11-21\nNature of Incident: Theft\nThere is a sample text.\nWith returns to the next line.\nIt also includes so URLs : <URL Quarantined> \nGreat!","Date":"14\/11\/2021 15:09:55","Header":"E223363430","Other":"Object: SIR: 14-11-21 - Theft\n","Sender":"test@banking.napier","Text":"There is a sample text.\nWith returns to the next line.\nIt also includes so URLs : <URL Quarantined> \nGreat!","Type":"Email","NatureOfIncident":"Theft","Object":"SIR: 14-11-21 - Theft","QuarantinedLinks":["http:\/\/ww.google.com\/test"],"SIR":true,"SIRSortCode":"14-11-21"}