{"Body":"test.threat@banking.napier\nSort Code: 14-09-21\nNature of Incident: Suspicious Incident\nPlease ignore this message, this is just a test.","Date":"14\/11\/2021 15:48:39","Header":"E567396368","Other":"Object: SIR: 14-09-21 - Suspicious Incident\n","Sender":"test.threat@banking.napier","Text":"Please ignore this message, this is just a test.","Type":"Email","NatureOfIncident":"Suspicious Incident","Object":"SIR: 14-09-21 - Suspicious Incident","QuarantinedLinks":[],"SIR":true,"SIRSortCode":"14-09-21"}