{"Body":"win999999Pounds.easy@easycash.xyz\nMake easy cash!\nHello my friend!\nIf you want to make a lot of easy cash like me, just go to <URL Quarantined> ! It works!\nI already bought three villas and four cars, and I only strated two weeks ago!\nWhat are you waiting for my friend? Just go to <URL Quarantined> !","Date":"12\/11\/2021 15:45:18","Header":"E273561905","Other":"Object: Make easy cash!","Sender":"win999999Pounds.easy@easycash.xyz","Text":"Hello my friend!\nIf you want to make a lot of easy cash like me, just go to <URL Quarantined> ! It works!\nI already bought three villas and four cars, and I only strated two weeks ago!\nWhat are you waiting for my friend? Just go to <URL Quarantined> !","Type":"Email","NatureOfIncident":"","Object":"Make easy cash!","QuarantinedLinks":["http:\/\/easycash.com","http:\/\/easycash.com"],"SIR":false,"SIRSortCode":""}